<?xml version="1.0" encoding="UTF-8"?>
<metadata modelVersion="1.1.0">
  <groupId>myproject.microservices</groupId>
  <artifactId>micro-service-monitoring-core</artifactId>
  <version>1.2.2.BUILD-SNAPSHOT</version>
  <versioning>
    <snapshot>
      <localCopy>true</localCopy>
    </snapshot>
    <lastUpdated>20170705080051</lastUpdated>
    <snapshotVersions>
      <snapshotVersion>
        <classifier>sources</classifier>
        <extension>jar</extension>
        <value>1.2.2.BUILD-SNAPSHOT</value>
        <updated>20170705080051</updated>
      </snapshotVersion>
      <snapshotVersion>
        <classifier>javadoc</classifier>
        <extension>jar</extension>
        <value>1.2.2.BUILD-SNAPSHOT</value>
        <updated>20170705080051</updated>
      </snapshotVersion>
      <snapshotVersion>
        <extension>jar</extension>
        <value>1.2.2.BUILD-SNAPSHOT</value>
        <updated>20170705080051</updated>
      </snapshotVersion>
      <snapshotVersion>
        <extension>pom</extension>
        <value>1.2.2.BUILD-SNAPSHOT</value>
        <updated>20170705080051</updated>
      </snapshotVersion>
    </snapshotVersions>
  </versioning>
</metadata>
